Recording ID,Timestamp,Acceleration X,Acceleration Y,Acceleration Z,Gyroscope X,Gyroscope Y,Gyroscope Z,Shot Type
1,528616384,0.0771,-0.6162,0.8682,-0.49,-14.77,2.99,Drive
1,528676383,0.0977,-0.6050,0.8613,-0.24,-8.18,4.21,Drive
1,528736385,0.0942,-0.6152,0.8774,1.10,-15.87,4.58,Drive
1,528796385,0.0781,-0.6123,0.8765,1.16,-12.82,3.78,Drive
1,528856384,0.1016,-0.6050,0.8794,-0.55,-6.23,3.42,Drive
1,550971614,-0.2300,0.0054,1.0605,37.72,-3.42,-15.87,Drive
1,552135933,-0.1367,0.1323,1.0669,-4.15,-3.54,0.98,Drive
1,552195936,-0.0586,0.1670,1.1152,-5.37,-5.00,3.85,Drive
1,552255935,-0.0005,0.1846,1.1372,-17.94,23.19,12.51,Drive
1,552315936,0.0518,0.1226,1.0571,-14.16,22.40,26.61,Drive
1,552375935,-0.1064,0.0396,1.1030,6.35,-64.45,35.77,Drive
1,552435934,-0.0742,0.1958,1.1025,10.56,-30.82,20.39,Drive
1,552495936,-0.1284,0.1782,0.9585,1.77,-40.47,10.74,Drive
1,552555937,-0.1162,0.1782,1.0542,0.55,-48.58,2.99,Drive
1,552615934,-0.1538,0.1401,1.1138,-0.85,-26.49,-7.63,Drive
1,552675934,-0.0952,0.1294,1.0713,5.55,-21.85,-9.40,Drive
1,552735936,-0.1035,0.1333,1.0317,6.53,-17.76,-4.46,Drive
1,552795935,-0.0732,0.1465,1.0200,-1.53,-14.83,1.53,Drive
1,552855937,-0.0762,0.1172,1.0332,-10.62,-11.72,4.15,Drive
1,552915937,-0.0571,0.1270,1.0854,-11.11,-10.38,2.50,Drive
1,552975935,-0.0469,0.1304,1.1021,-8.00,-8.85,1.65,Drive
1,553035936,-0.0151,0.1685,1.1152,-1.71,-17.27,4.33,Drive
1,553095935,0.0698,0.3276,1.3052,19.53,-37.54,11.60,Drive
1,553155937,0.0635,0.3672,1.4233,73.55,-49.68,18.74,Drive
1,553215934,0.0645,0.4214,1.3208,144.84,-48.77,22.71,Drive
1,553275937,0.0405,0.3687,1.1372,189.27,-43.33,24.29,Drive
1,553335937,0.0093,0.1846,1.0137,179.57,-5.62,16.66,Drive
1,553395937,-0.1099,-0.1655,0.9712,111.27,36.62,0.12,Drive
1,553455937,-0.2612,-0.4556,0.9004,3.23,74.77,-33.94,Drive
1,553515937,-0.2202,-0.2104,0.7627,-120.24,8.73,-58.53,Drive
1,553575934,-0.0918,0.0288,0.7847,-235.23,-54.08,-54.38,Drive
1,553635935,0.2339,-0.1567,1.1064,-318.18,-24.90,-42.24,Drive
1,553695936,-0.0200,-0.3003,1.3252,-319.82,-3.60,-54.02,Drive
1,553755937,0.0054,-0.0166,1.6758,-249.51,-75.07,-50.90,Drive
1,553815937,-0.1196,-0.1240,1.6577,-185.85,-27.59,-54.81,Drive
1,553875935,-0.0464,-0.2070,1.4321,-138.73,-52.31,-15.44,Drive
1,553935935,-0.0049,-0.4692,1.2251,-100.71,-11.29,3.54,Drive
1,553995934,0.0615,-0.5894,1.1245,-56.70,-26.12,0.73,Drive
1,554055936,0.1978,-0.6416,0.9502,-31.98,-26.43,-5.55,Drive
1,554115935,0.1606,-0.5029,0.8115,-4.33,-27.95,5.00,Drive
1,554175937,0.1250,-0.8320,0.9312,1.04,-30.76,9.70,Drive
1,554235934,0.1499,-0.7446,0.6826,2.93,-15.01,5.00,Drive
1,554295936,0.1172,-0.8125,0.7607,8.85,-9.28,1.53,Drive
1,554355936,0.1689,-0.7832,0.7002,4.82,-14.77,-0.67,Drive
1,554415934,0.1357,-0.8403,0.7017,1.59,-10.31,-1.89,Drive
1,554475936,0.1294,-0.8125,0.6172,0.06,-5.86,-0.55,Drive
1,554535936,0.1411,-0.7720,0.6089,-1.89,-2.32,2.32,Drive
1,554595937,0.1206,-0.8022,0.6592,-4.33,5.62,3.66,Drive
1,554655936,0.1035,-0.7583,0.6865,-7.93,11.78,6.10,Drive
1,554715935,0.0415,-0.7397,0.6440,-2.20,10.62,10.68,Drive
2,568875935,-0.0605,0.0449,1.1797,10.80,-21.79,1.46,Drive
2,568935937,-0.0239,0.0981,1.2568,18.98,-9.16,-2.87,Drive
2,568995937,0.0898,0.1924,1.1958,36.62,6.16,3.91,Drive
2,569055934,0.0869,0.2031,1.1865,73.43,-25.27,22.40,Drive
2,569115935,-0.0083,0.2876,1.1509,89.60,6.16,30.03,Drive
2,569175934,-0.1216,0.3047,1.0576,103.70,-20.87,42.24,Drive
2,569235934,0.0542,0.2695,1.0996,112.73,-71.72,35.71,Drive
2,569295935,-0.1572,0.1719,0.9473,94.36,-21.12,14.53,Drive
2,569355935,-0.0527,0.1309,0.8979,72.69,-37.60,3.60,Drive
2,569415935,-0.0894,0.0854,0.8423,35.52,-24.11,-9.16,Drive
2,569475937,-0.0811,0.1108,0.8638,-20.32,-17.88,-18.31,Drive
2,569535936,-0.1138,0.2148,0.8110,-85.21,3.05,-23.38,Drive
2,569595937,-0.0200,0.2217,0.8535,-141.78,-0.55,-17.64,Drive
2,569655936,-0.0200,0.1582,0.9668,-175.90,-8.36,-9.64,Drive
2,569715936,-0.0088,0.1230,1.1377,-188.11,-2.69,-5.62,Drive
2,569775937,-0.0044,-0.0366,1.2129,-187.93,-8.67,-5.43,Drive
2,569835937,-0.0571,-0.2969,1.2051,-187.32,-2.44,-13.67,Drive
2,569895937,0.0938,-0.2515,1.4697,-174.99,-2.44,-26.18,Drive
2,569955935,-0.0640,-0.3174,1.3696,-150.70,-2.14,-47.85,Drive
2,570015935,-0.1562,-0.5229,1.2021,-109.62,-8.36,-46.69,Drive
2,570075935,-0.0605,-0.6167,1.0962,-70.98,-19.59,-35.40,Drive
2,570135935,-0.0356,-0.6602,0.9888,-46.45,-39.25,-15.08,Drive
2,570195935,0.0146,-0.5854,0.9199,-27.59,-34.55,0.24,Drive
2,570255936,0.0439,-0.5264,0.8442,-9.22,-34.85,9.95,Drive
2,570315934,0.1484,-0.5879,0.7856,8.36,-18.86,9.40,Drive
2,570375935,0.0601,-0.7324,0.7832,16.17,-23.13,22.95,Drive
2,570435937,0.0278,-0.7656,0.6978,19.04,-1.28,14.22,Drive
2,570495935,0.0469,-0.7612,0.6875,12.33,-12.51,18.19,Drive
2,570555936,0.0381,-0.7910,0.6636,3.30,1.04,4.39,Drive
2,570615934,0.0610,-0.7632,0.7041,-6.84,-20.20,4.52,Drive
2,570675937,0.0327,-0.7456,0.7227,-10.80,-12.57,-5.98,Drive
2,570735936,0.0649,-0.7720,0.7612,-13.12,-9.89,-4.33,Drive
2,570795937,0.0493,-0.7690,0.7358,-6.96,-19.84,0.18,Drive
2,570855936,0.0308,-0.7974,0.7432,3.11,-7.51,-2.62,Drive
2,570915937,0.0566,-0.7583,0.7168,6.71,-14.10,2.14,Drive
2,570980613,0.0601,-0.7280,0.6860,2.56,-17.94,5.13,Drive
2,571035937,0.0767,-0.7690,0.7173,-2.69,-5.68,2.69,Drive
2,571095937,0.0576,-0.7808,0.7041,-3.72,-11.23,3.42,Drive
2,571155936,0.0562,-0.7783,0.7217,-1.40,-12.45,0.18,Drive
2,571215937,0.0815,-0.7520,0.7402,-2.81,-14.22,1.71,Drive
2,571275936,0.0781,-0.7554,0.7070,-3.78,-18.55,3.72,Drive
2,571335936,0.0688,-0.7866,0.7012,-5.00,-16.48,8.91,Drive
2,571395935,0.0684,-0.7925,0.7534,-5.86,-14.95,5.25,Drive
2,571455936,0.0669,-0.7739,0.7339,-6.23,-7.81,-2.14,Drive
2,571515935,0.0703,-0.7593,0.7573,0.18,-12.33,0.18,Drive
2,571575935,0.1211,-0.6826,0.7944,15.99,-5.80,7.51,Drive
2,571635937,0.0737,-0.6177,0.8140,26.92,-0.18,24.41,Drive
2,571695936,0.0229,-0.5713,0.7788,29.42,-7.81,37.17,Drive
2,571755937,-0.0044,-0.6172,0.8413,24.17,-18.31,40.53,Drive
2,571815935,-0.0654,-0.5786,0.9697,17.58,-6.77,34.30,Drive
3,573915935,-0.0938,0.2671,1.1069,0.00,-7.20,6.16,Drive
3,573975937,0.0107,0.3403,1.1260,-3.11,16.24,8.24,Drive
3,574035937,0.0068,0.3452,1.1948,15.56,-12.15,24.05,Drive
3,574095935,-0.0415,0.4263,1.1465,58.53,-52.98,33.69,Drive
3,574155934,0.0073,0.6191,1.1948,100.04,-19.53,28.81,Drive
3,574215935,-0.0884,0.5127,0.9937,120.24,-44.31,29.11,Drive
3,574275937,-0.1436,0.3423,0.9067,113.71,-30.33,18.55,Drive
3,574335935,-0.0811,0.0278,1.0674,80.20,-21.18,10.74,Drive
3,574395935,-0.1948,-0.5005,1.1362,1.40,20.20,-5.92,Drive
3,574455934,-0.1416,-0.4170,1.0127,-106.02,-14.40,-13.98,Drive
3,574515937,-0.0396,-0.1797,0.9312,-207.15,-37.60,-2.14,Drive
3,574575935,0.0508,-0.1050,1.0771,-270.87,-22.16,6.84,Drive
3,574635934,0.0205,-0.1377,1.2739,-273.62,-60.67,14.71,Drive
3,574695935,-0.0747,-0.1577,1.6245,-240.05,15.44,-17.21,Drive
3,574755934,-0.0020,-0.0840,1.5762,-200.68,-26.00,-27.71,Drive
3,574815934,-0.0361,-0.3770,1.3584,-171.81,2.93,-39.06,Drive
3,574875934,-0.0181,-0.5000,1.1543,-119.38,-28.93,-40.16,Drive
3,574935937,0.0112,-0.6558,1.0454,-73.85,-30.58,-42.60,Drive
3,574995934,-0.3799,-0.5034,0.9673,-35.64,-41.56,0.73,Drive
3,575055937,0.1812,-0.6235,0.8843,-13.37,-2.32,7.14,Drive
3,575115937,0.2021,-0.6187,0.7158,4.52,-8.00,11.90,Drive
3,575175937,0.2036,-0.6992,0.7168,13.61,-27.40,17.52,Drive
3,575235937,0.1665,-0.8135,0.6655,16.48,-15.32,12.45,Drive
3,575295934,0.1797,-0.8267,0.6133,22.52,-21.24,9.64,Drive
3,575355937,0.1509,-0.7891,0.6284,21.85,-30.94,5.13,Drive
3,575415937,0.1670,-0.7954,0.6279,9.64,-15.75,-1.89,Drive
3,575475936,0.1606,-0.8364,0.6431,-0.12,-18.07,-2.14,Drive
3,575535934,0.1328,-0.8726,0.6621,-3.36,-12.63,-4.70,Drive
3,575595936,0.1641,-0.8066,0.6479,-3.17,-13.43,-2.01,Drive
3,575655934,0.1558,-0.7935,0.6719,-1.71,-22.22,2.99,Drive
3,575715934,0.1680,-0.8022,0.6699,0.43,-7.08,3.42,Drive
3,575775937,0.1753,-0.7939,0.6968,-1.04,-9.77,3.17,Drive
3,575835936,0.1660,-0.7729,0.6816,-3.30,-8.79,4.03,Drive
3,575895937,0.1636,-0.7861,0.6504,-1.77,-10.07,7.20,Drive
3,575955937,0.1592,-0.8037,0.6523,2.69,-7.20,7.69,Drive
3,576015936,0.1597,-0.7891,0.6860,2.32,-9.58,8.54,Drive
3,576075937,0.1602,-0.7720,0.6592,0.37,-10.31,8.24,Drive
3,576135936,0.1689,-0.7783,0.6704,0.12,-10.31,7.39,Drive
3,576195937,0.1646,-0.7817,0.6611,-0.12,-12.27,3.78,Drive
3,576255936,0.1499,-0.7764,0.6733,-1.71,-5.80,0.24,Drive
3,576315935,0.1558,-0.7949,0.6816,-2.69,-7.26,0.79,Drive
3,576375935,0.1587,-0.7939,0.6685,-1.53,-10.62,1.89,Drive
3,576435936,0.1436,-0.7983,0.6763,-1.77,-10.62,2.50,Drive
3,576495937,0.1313,-0.7939,0.6743,-1.59,-7.20,2.81,Drive
3,576555935,0.1382,-0.7622,0.6782,-0.12,-10.68,4.21,Drive
3,576615937,0.1426,-0.7686,0.6880,-1.22,-13.55,6.53,Drive
3,576675937,0.1318,-0.7979,0.6826,-3.91,-9.64,6.10,Drive
3,576735936,0.1226,-0.7983,0.6567,-2.62,-13.49,6.16,Drive
3,576795935,0.1226,-0.7886,0.6641,-0.98,-10.25,4.03,Drive
3,576855937,0.1377,-0.7886,0.6582,-0.43,-12.82,3.66,Drive
4,583215937,-0.1592,0.1050,1.1426,9.77,-20.45,-2.99,Drive
4,583275935,-0.1270,0.1426,1.0884,16.72,-1.95,-1.59,Drive
4,583335936,-0.1079,0.2837,1.0811,18.07,15.08,7.87,Drive
4,583395937,-0.0845,0.3477,1.1816,14.16,-8.00,17.27,Drive
4,583455937,-0.1973,0.1958,0.9819,5.13,16.78,8.30,Drive
4,583515937,-0.2515,0.1030,1.0767,2.01,8.42,0.67,Drive
4,583575937,0.0249,0.0166,1.0464,-13.61,21.06,1.28,Drive
4,583635937,0.1069,-0.2891,0.8818,2.20,-36.19,13.49,Drive
4,583695934,0.0986,-0.7485,0.8760,28.44,-60.49,21.97,Drive
4,583755937,-0.1123,-0.8286,1.0483,12.15,-96.98,0.85,Drive
4,583815937,-0.1099,-0.5879,0.9272,-60.67,-2.75,-21.61,Drive
4,583875936,-0.0889,-0.1357,0.9619,-135.62,-59.45,-5.62,Drive
4,583935934,0.0503,-0.0684,1.1709,-193.85,-56.21,13.18,Drive
4,583995934,0.1167,-0.2256,1.4741,-206.91,-76.97,11.17,Drive
4,584055934,-0.1255,-0.1777,1.4849,-201.54,-40.16,0.00,Drive
4,584115934,-0.0259,-0.1382,1.4277,-174.26,-26.92,12.39,Drive
4,584175935,0.0288,-0.3853,1.2310,-120.67,-24.17,6.10,Drive
4,584235936,0.0215,-0.6118,1.1323,-66.59,-21.97,-10.99,Drive
4,584295935,0.0508,-0.6450,0.9922,-31.56,-16.85,-7.39,Drive
4,584355934,0.3643,-0.6567,0.8462,-14.16,-70.13,2.75,Drive
4,584415936,0.2222,-0.7378,0.7573,7.63,-54.20,9.70,Drive
4,584475934,0.0117,-0.6909,0.7280,5.68,-13.31,32.04,Drive
4,584535936,0.0278,-0.6919,0.5771,18.37,35.22,0.24,Drive
4,584595936,0.0688,-0.7993,0.6484,16.24,14.59,2.20,Drive
4,584655935,0.0903,-0.7983,0.6826,0.98,-12.63,11.41,Drive
4,584715936,0.1450,-0.8418,0.6538,-0.73,13.67,-12.82,Drive
4,584775935,0.1768,-0.8530,0.6802,-4.64,-16.85,-5.43,Drive
4,584835934,0.1548,-0.8247,0.6528,-7.93,-8.79,-6.16,Drive
4,584895936,0.2222,-0.7793,0.7119,-6.41,-23.74,-1.65,Drive
4,584955937,0.1177,-0.8140,0.6865,-4.39,-14.22,-4.03,Drive
4,585015935,0.1406,-0.8276,0.6777,-1.89,-17.82,-0.85,Drive
4,585075935,0.1328,-0.7876,0.6309,2.44,-19.71,-0.55,Drive
4,585135936,0.1494,-0.8091,0.6318,2.93,-11.47,-2.87,Drive
4,585195936,0.1377,-0.8149,0.6431,-2.87,-23.01,3.54,Drive
4,585255935,0.1680,-0.7920,0.6665,-5.25,-18.92,-2.08,Drive
4,585315935,0.1597,-0.7886,0.6543,-5.62,-12.76,-2.38,Drive
4,585375934,0.1606,-0.8145,0.6499,-4.88,-11.90,0.79,Drive
4,585435937,0.1670,-0.8057,0.6597,-6.10,-16.24,5.43,Drive
4,585495936,0.1685,-0.7993,0.6514,-6.04,0.12,1.40,Drive
4,585555936,0.1821,-0.8086,0.6421,-7.32,-8.12,2.81,Drive
4,585615935,0.1675,-0.8213,0.6206,-6.53,-11.54,3.23,Drive
4,585675935,0.1816,-0.8052,0.6255,-3.78,-12.27,0.12,Drive
4,585735935,0.1631,-0.7915,0.5908,-1.46,-11.54,-0.79,Drive
4,585795935,0.1777,-0.8306,0.6304,-2.20,-14.16,1.46,Drive
4,585855935,0.1592,-0.8281,0.6245,-2.32,-13.49,1.40,Drive
4,585915934,0.1509,-0.7969,0.6094,-0.92,-16.05,2.32,Drive
4,585975937,0.1641,-0.8101,0.6299,-2.01,-12.51,2.32,Drive
4,586035935,0.1660,-0.8252,0.6279,-3.66,-12.45,3.48,Drive
4,586095937,0.1748,-0.8110,0.6201,-3.05,-9.70,2.20,Drive
4,586155937,0.1812,-0.8096,0.6494,-3.78,-11.90,2.87,Drive
5,588855937,-0.1440,0.1221,1.0615,-5.86,1.10,-3.42,Drive
5,588915934,-0.1450,0.1133,1.0693,-7.93,2.62,-5.13,Drive
5,588975935,-0.1616,0.1782,1.1304,-14.71,-5.31,-0.55,Drive
5,589035936,-0.0308,0.2520,1.0947,-22.09,4.64,5.25,Drive
5,589095934,-0.0469,0.2139,1.1323,-2.32,-34.06,15.62,Drive
5,589155937,-0.0181,0.2578,1.2114,44.92,-82.95,17.94,Drive
5,589215936,-0.1655,0.1821,1.2510,77.15,-35.34,3.66,Drive
5,589275934,-0.0405,0.1504,1.0835,113.65,-63.23,0.00,Drive
5,589335937,-0.1611,0.2373,1.0337,137.08,-67.87,-0.55,Drive
5,589395936,-0.0713,0.3716,1.0552,142.40,-62.74,-3.85,Drive
5,589455937,-0.0718,0.1016,1.0757,107.67,-30.21,-11.78,Drive
5,589515937,-0.1499,-0.3652,1.0181,23.25,12.02,-21.73,Drive
5,589575934,-0.1348,-0.3218,0.9136,-81.91,-29.79,-23.56,Drive
5,589635936,-0.1069,0.0142,1.0103,-188.84,-39.31,-15.08,Drive
5,589695935,-0.0864,0.0381,1.1875,-247.38,11.35,-10.56,Drive
5,589755937,0.2974,0.1987,1.2739,-233.89,-27.34,18.07,Drive
5,589815936,0.1348,0.2031,1.4849,-218.69,-56.95,40.10,Drive
5,589875936,-0.0791,-0.1040,1.3784,-204.90,-44.01,20.94,Drive
5,589935936,-0.0190,-0.4414,1.2520,-191.04,19.35,-14.47,Drive
5,589995935,0.1323,-0.4746,1.1938,-161.56,15.87,-23.44,Drive
5,590055934,0.1094,-0.6387,1.0098,-106.69,1.40,-19.41,Drive
5,590115937,0.1289,-0.6484,1.0444,-55.60,-14.59,-23.56,Drive
5,590175936,0.1714,-0.5708,0.8486,-31.86,-15.75,-17.15,Drive
5,590235935,-0.2275,-0.6724,0.7144,-11.78,-14.83,-3.60,Drive
5,590295935,0.1514,-0.8789,0.6958,9.22,-15.69,12.33,Drive
5,590355936,0.2085,-0.7817,0.6133,10.50,-18.74,2.56,Drive
5,590415936,0.2090,-0.7339,0.5527,0.49,-29.17,2.87,Drive
5,590475937,0.0356,-0.8345,0.5791,-0.67,-15.44,14.40,Drive
5,590535936,0.1538,-0.8706,0.6240,-2.93,-7.08,10.13,Drive
5,590595937,0.1152,-0.8442,0.6118,-4.46,-12.15,4.15,Drive
5,590655937,0.1411,-0.8198,0.5830,0.18,-8.91,6.41,Drive
5,590715936,0.1274,-0.8433,0.6172,-2.56,-7.63,2.01,Drive
5,590775935,0.1396,-0.8569,0.6138,-1.16,-14.22,6.16,Drive
5,590835937,0.1216,-0.8652,0.5986,-0.31,-11.05,3.23,Drive
5,590895936,0.1162,-0.8438,0.5791,-0.12,-12.82,4.64,Drive
5,590955937,0.1138,-0.8491,0.5928,-1.89,-9.28,4.64,Drive
5,591015936,0.1401,-0.8345,0.5938,-2.32,-10.38,4.46,Drive
5,591075937,0.1182,-0.8345,0.6099,-1.40,-13.31,3.17,Drive
5,591135935,0.1143,-0.8369,0.6191,-1.22,-9.83,3.48,Drive
5,591195937,0.1230,-0.8125,0.6191,-0.06,-11.47,6.41,Drive
5,591255935,0.1216,-0.8140,0.6094,0.00,-11.54,7.02,Drive
5,591315937,0.1318,-0.7617,0.5542,-6.16,-15.69,7.81,Drive
5,591375935,0.0962,-0.8975,0.6519,-15.99,-3.42,1.89,Drive
5,591435935,0.0752,-0.9785,0.6387,-16.54,7.51,-5.00,Drive
5,591495935,0.1401,-0.7852,0.5454,-0.06,-17.52,1.34,Drive
5,591555936,0.1807,-0.7251,0.5176,-5.19,-10.13,7.93,Drive
5,591615937,0.0825,-0.7920,0.6543,-10.01,-10.13,14.22,Drive
5,591675934,0.1016,-0.8335,0.7021,-8.06,0.85,13.79,Drive
5,591735935,0.1167,-0.8301,0.7314,2.56,0.73,14.10,Drive
5,591795936,0.1245,-0.7935,0.7788,13.55,-38.82,23.01,Drive
6,594015937,-0.2041,0.1494,1.0703,-7.14,-13.79,-10.80,Drive
6,594075935,-0.1968,0.1255,1.0854,-9.22,-9.46,-8.30,Drive
6,594135934,-0.1592,0.1763,1.1733,-30.64,18.43,-7.81,Drive
6,594195937,-0.0337,0.2158,1.0186,-37.35,-14.28,5.31,Drive
6,594255935,-0.0483,0.0796,1.2446,3.91,-96.25,20.81,Drive
6,594315936,-0.0332,-0.1611,1.2656,58.04,32.29,-3.17,Drive
6,594375935,-0.1011,0.0498,1.2310,135.19,-55.11,0.85,Drive
6,594435937,-0.2090,0.0605,1.0532,165.53,-17.52,5.25,Drive
6,594495934,-0.0649,-0.2554,0.9941,140.81,-23.93,10.50,Drive
6,594555936,-0.1533,-0.6436,0.9355,47.91,-3.85,6.41,Drive
6,594615937,-0.2666,-0.4336,0.9243,-81.97,-56.82,-2.20,Drive
6,594675935,-0.2529,-0.2739,0.9883,-199.46,-32.59,-15.93,Drive
6,594735936,-0.1870,-0.1245,0.9902,-257.57,-16.54,-27.22,Drive
6,594795935,0.0044,0.1143,1.3296,-260.01,-1.77,-5.00,Drive
6,594855936,-0.3291,-0.0981,1.4097,-223.39,-21.97,-8.67,Drive
6,594915936,-0.2495,-0.3350,1.4907,-177.31,-23.99,-16.54,Drive
6,594975937,0.0405,-0.3633,1.2783,-146.61,0.92,-22.03,Drive
6,595035936,0.0454,-0.5122,1.1128,-111.88,-39.98,-12.94,Drive
6,595095934,-0.0166,-0.6978,1.0645,-75.74,-27.47,-15.62,Drive
6,595155936,0.0728,-0.6807,0.9854,-45.04,-13.61,-20.69,Drive
6,595215936,0.1211,-0.7354,0.8159,-20.02,-41.32,-16.05,Drive
6,595275936,0.0903,-0.7847,0.7192,-2.32,-32.71,-14.59,Drive
6,595335936,0.0747,-0.8232,0.6631,9.58,-24.29,-12.33,Drive
6,595395934,0.0581,-0.8179,0.6279,13.73,-30.82,-4.09,Drive
6,595455935,0.0757,-0.8604,0.5811,8.30,-13.98,0.67,Drive
6,595515935,0.1226,-0.8745,0.5581,4.58,-4.15,-1.10,Drive
6,595575937,0.1279,-0.8105,0.5586,0.67,-11.23,0.24,Drive
6,595635937,0.1421,-0.8545,0.5845,-5.80,-7.51,2.38,Drive
6,595695936,0.1597,-0.8740,0.5981,-6.65,-11.90,2.26,Drive
6,595755935,0.1372,-0.8301,0.5771,-4.76,-12.21,-0.37,Drive
6,595815937,0.1646,-0.8037,0.6045,-4.46,-8.30,-1.28,Drive
6,595875934,0.1533,-0.8013,0.6250,-3.72,-12.21,1.40,Drive
6,595935936,0.1445,-0.8564,0.6440,-1.34,-3.42,1.95,Drive
6,595995936,0.1196,-0.8682,0.6377,5.80,-12.76,4.70,Drive
6,596055935,0.1064,-0.7476,0.6006,13.06,-4.82,5.49,Drive
6,596115937,0.1421,-0.7441,0.7744,14.53,-0.24,9.77,Drive
6,596175936,0.1631,-0.8003,0.7617,10.13,-20.14,16.60,Drive
6,596235934,0.1113,-0.8247,0.7217,9.89,-8.79,19.47,Drive
6,596295936,0.1304,-0.7407,0.7085,11.35,2.87,21.36,Drive
6,596355936,0.0669,-0.7168,0.7905,11.84,-7.63,23.74,Drive
6,596415935,-0.0034,-0.7207,0.8511,9.28,4.64,21.06,Drive
6,596475937,0.0410,-0.7100,0.7764,10.19,-3.36,21.91,Drive
6,596535935,0.0122,-0.6909,0.7969,12.33,-15.08,26.31,Drive
6,596595937,-0.0039,-0.6885,0.7925,10.86,-18.68,31.74,Drive
6,596655935,-0.0508,-0.7036,0.8960,4.82,-13.49,33.51,Drive
6,596715935,-0.0957,-0.7168,0.8252,1.22,-11.23,30.82,Drive
6,596775934,-0.1997,-0.7466,0.8394,10.50,-21.00,25.76,Drive
6,596835936,-0.1948,-0.7153,0.7617,23.68,-7.45,23.44,Drive
6,596895936,-0.2021,-0.7988,0.8306,35.83,-20.87,36.80,Drive
6,596955936,-0.2334,-0.8101,0.8091,46.51,-32.53,56.46,Drive
7,600075936,-0.2515,0.1943,1.0112,1.04,-15.56,3.66,Drive
7,600135935,-0.2549,0.2080,1.0142,-4.46,-11.84,1.46,Drive
7,600195937,-0.2388,0.2705,1.1211,-13.92,-7.20,0.12,Drive
7,600255935,-0.1094,0.4043,1.2437,-11.29,-37.60,5.19,Drive
7,600315935,-0.0571,0.3115,1.2520,21.36,-17.58,8.91,Drive
7,600375937,-0.0005,0.2715,1.1973,87.59,-37.48,17.70,Drive
7,600435937,-0.0796,0.2388,1.0474,135.44,-24.48,20.75,Drive
7,600495934,-0.2568,0.0298,0.9829,133.48,-17.15,23.32,Drive
7,600555936,-0.3691,-0.1689,0.9321,73.85,-21.97,10.13,Drive
7,600615934,-0.3320,-0.2002,0.9521,-16.11,-33.94,-15.56,Drive
7,600675935,-0.2432,-0.2324,0.9321,-104.61,-71.78,-37.41,Drive
7,600735935,-0.1362,-0.3369,0.9229,-168.82,-23.68,-50.84,Drive
7,600795936,-0.0908,-0.3496,1.0347,-208.01,-25.57,-43.27,Drive
7,600855937,-0.0913,0.0024,1.2046,-234.19,-34.79,-27.04,Drive
7,600915934,-0.0962,0.0151,1.3232,-232.91,-50.35,-2.01,Drive
7,600975937,-0.2495,-0.3394,1.6104,-202.27,-26.49,-9.22,Drive
7,601035937,-0.1973,-0.4531,1.6138,-152.59,2.01,-30.03,Drive
7,601095937,-0.0444,-0.1729,1.3662,-95.34,-18.98,-13.49,Drive
7,601155937,-0.1143,-0.5186,1.0146,-27.77,-50.11,5.43,Drive
7,601215935,-0.0483,-0.6260,0.9839,11.47,-24.84,-5.43,Drive
7,601275936,0.0303,-0.5137,0.8701,18.49,-41.63,10.62,Drive
7,601335936,-0.0562,-0.7065,0.7930,8.24,-17.76,12.33,Drive
7,601395935,0.0112,-0.7251,0.7451,4.46,-14.04,12.08,Drive
7,601455937,0.0068,-0.7295,0.8076,1.71,-17.03,7.45,Drive
7,601515934,0.0103,-0.7173,0.7866,-3.66,-10.74,0.06,Drive
7,601575936,0.0488,-0.6973,0.7588,-2.50,-14.77,-0.06,Drive
7,601635936,0.0542,-0.7441,0.8013,-0.67,-13.92,1.16,Drive
7,601695934,0.0444,-0.7866,0.7900,5.37,-19.29,2.08,Drive
7,601755935,0.0444,-0.7314,0.7773,7.02,-22.46,0.61,Drive
7,601815934,0.0488,-0.6987,0.7759,3.42,-14.89,-0.79,Drive
7,601875936,0.0669,-0.7046,0.7524,-0.37,-14.65,0.06,Drive
7,601935935,0.0400,-0.7490,0.7617,-2.44,-13.67,-1.46,Drive
7,601995936,0.0479,-0.7607,0.7910,-2.32,-13.43,-2.08,Drive
7,602055936,0.0430,-0.7261,0.7749,-4.03,-12.51,0.92,Drive
7,602115937,0.0493,-0.6885,0.7910,-8.48,-10.68,4.88,Drive
7,602175937,0.0513,-0.6709,0.8594,-11.29,-6.59,4.58,Drive
7,602235937,0.0488,-0.7280,0.7969,-4.88,-13.43,4.09,Drive
7,602295934,0.0571,-0.7095,0.7563,-0.55,-10.74,2.62,Drive
7,602355936,0.0625,-0.6172,0.7461,-5.49,-13.49,4.70,Drive
7,602415936,-0.0039,-0.6304,0.8130,-11.17,13.43,1.10,Drive
7,602475935,0.0142,-0.6621,0.8062,-4.88,13.43,5.25,Drive
7,602535935,0.0010,-0.6250,0.9023,-2.44,-11.54,23.93,Drive
7,602595936,-0.0103,-0.5396,0.8433,-4.09,-24.84,46.20,Drive
7,602655934,-0.0913,-0.6704,0.9438,-10.68,1.16,54.93,Drive
7,602715935,-0.1787,-0.7139,0.9214,-17.33,-16.66,61.10,Drive
7,602775936,-0.2041,-0.7646,0.8472,-17.33,7.87,53.96,Drive
7,602835936,-0.2505,-0.8330,0.8062,-3.72,-21.79,49.50,Drive
7,602895935,-0.2476,-0.8359,0.8394,8.12,-30.33,43.88,Drive
7,602955937,-0.3135,-0.7974,0.8584,14.95,-27.89,45.29,Drive
7,603015936,-0.1924,-0.7271,0.8696,19.29,-22.28,53.96,Drive
8,606675935,-0.1885,0.1553,1.1011,6.35,4.27,-4.21,Drive
8,606735935,-0.2212,0.1636,1.0581,4.58,7.45,-4.03,Drive
8,606795936,-0.1992,0.2539,1.1094,-4.76,8.73,0.85,Drive
8,606855935,-0.2002,0.2358,1.0483,-11.35,3.72,4.52,Drive
8,606915935,-0.1450,0.2910,1.1284,1.83,-22.46,16.91,Drive
8,606975937,-0.1001,0.3071,1.2183,44.43,-83.68,28.63,Drive
8,607035937,-0.1934,0.2690,1.2026,85.02,-36.13,19.04,Drive
8,607095935,-0.1382,0.3257,1.1074,130.13,-64.58,12.82,Drive
8,607155936,-0.1470,0.3228,1.1577,152.71,-50.78,3.36,Drive
8,607215936,-0.1489,0.1572,1.1616,143.31,-49.26,-12.15,Drive
8,607275937,-0.0615,-0.3623,1.0474,88.50,17.46,-25.70,Drive
8,607335934,-0.2261,-0.5952,0.7632,6.96,7.39,-28.50,Drive
8,607395936,-0.1182,-0.0522,0.7754,-101.38,-47.00,-15.75,Drive
8,607455936,-0.1992,0.3501,0.9688,-207.58,-30.82,-12.02,Drive
8,607515934,-0.1455,0.5474,1.1538,-255.62,-15.87,-5.74,Drive
8,607575937,-0.2891,0.2920,1.1719,-246.70,-98.21,17.76,Drive
8,607635934,-0.1323,0.0732,1.3760,-226.81,-59.69,18.13,Drive
8,607695937,0.0776,-0.1069,1.4082,-198.61,-25.15,-6.35,Drive
8,607755935,-0.0342,-0.2793,1.2656,-163.02,-15.38,-28.81,Drive
8,607815935,-0.0215,-0.4111,1.1792,-126.71,-18.74,-23.80,Drive
8,607875935,0.0781,-0.5542,1.0879,-87.59,-15.50,-12.45,Drive
8,607935934,0.0098,-0.6060,0.9658,-43.52,-17.27,-5.07,Drive
8,607995937,0.0908,-0.6030,0.8984,-14.40,-35.64,5.31,Drive
8,608055936,0.0708,-0.6108,0.8647,-1.16,-19.84,3.72,Drive
8,608115934,0.0908,-0.7021,0.8066,3.72,-14.34,-1.59,Drive
8,608175935,0.1035,-0.7686,0.8091,6.71,-8.79,-5.74,Drive
8,608235935,0.0845,-0.7583,0.7642,5.92,-11.23,-3.97,Drive
8,608295936,0.0713,-0.7720,0.7256,7.02,-8.48,-3.36,Drive
8,608355937,-0.0132,-0.7661,0.7402,7.20,-6.29,-1.46,Drive
8,608415937,0.1382,-0.7646,0.7280,3.97,-10.50,7.26,Drive
8,608475936,0.1147,-0.7720,0.6943,-3.05,-0.85,0.06,Drive
8,608535936,0.1240,-0.7949,0.7017,-7.81,-5.19,-5.37,Drive
8,608595936,0.1245,-0.7979,0.6938,-12.15,-1.95,-8.67,Drive
8,608655937,0.0854,-0.8052,0.6836,-13.06,-5.00,-9.09,Drive
8,608715934,0.0776,-0.7954,0.6997,-2.14,1.95,8.97,Drive
8,608775936,0.0376,-0.7466,0.7275,-2.62,-8.91,8.48,Drive
8,608835937,0.0552,-0.7373,0.7329,-3.91,1.89,3.36,Drive
8,608895935,0.0508,-0.7339,0.7417,-6.53,-5.86,1.16,Drive
8,608955937,0.0776,-0.7549,0.7075,-1.40,-7.69,5.31,Drive
8,609015937,0.0366,-0.7939,0.7090,3.05,-16.42,6.47,Drive
8,609075937,0.0127,-0.7759,0.6777,3.54,-8.85,10.07,Drive
8,609135935,0.0151,-0.7412,0.7271,-2.93,-4.88,6.77,Drive
8,609195936,0.0654,-0.7627,0.7417,-7.20,-5.55,2.81,Drive
8,609255935,0.0610,-0.7646,0.7349,-9.40,-5.49,-2.87,Drive
8,609315935,0.1035,-0.7832,0.7021,-10.80,-9.22,-5.00,Drive
8,609375937,0.0449,-0.8345,0.7100,-11.35,-11.90,-3.78,Drive
8,609435934,0.0444,-0.8477,0.7075,-5.80,-11.90,3.11,Drive
8,609495936,0.0610,-0.7852,0.6582,-4.52,-13.18,5.25,Drive
8,609555935,0.0728,-0.7573,0.6460,-7.45,-9.46,2.01,Drive
8,609615935,0.0317,-0.8052,0.6548,-7.14,-6.90,-1.83,Drive
9,624375936,-0.0054,-1.0391,0.3564,-28.93,50.84,-13.37,Drive
9,624435935,0.0376,-1.0488,0.3315,-38.33,74.65,-19.78,Drive
9,624495934,0.0552,-1.0654,0.1670,-31.25,91.55,-19.41,Drive
9,624555934,-0.0225,-1.0513,0.1245,-14.53,55.05,-11.47,Drive
9,714841614,0.2471,-0.5439,0.9688,36.19,24.90,-22.52,Drive
9,716678229,-0.1431,0.1250,1.0493,-3.78,-16.30,-0.24,Drive
9,716738231,-0.1675,0.1128,1.0498,-11.47,-6.47,-5.49,Drive
9,716798232,-0.1602,0.1396,1.1978,-21.42,9.16,-7.39,Drive
9,716858231,-0.0742,0.1060,1.2212,-20.20,1.16,-10.07,Drive
9,716918232,-0.0342,0.1982,1.2671,28.69,-55.60,8.73,Drive
9,716978232,-0.0039,0.2466,1.3530,94.36,-54.32,6.53,Drive
9,717038231,0.0254,0.3447,1.1831,143.98,-69.89,9.89,Drive
9,717098230,-0.0605,0.1387,1.0532,165.89,-64.76,9.40,Drive
9,717158233,-0.0527,0.0586,1.0513,159.97,-52.55,-5.49,Drive
9,717218232,-0.0156,-0.1592,0.9888,119.93,-15.93,-13.92,Drive
9,717278231,-0.1499,-0.3198,0.8843,43.09,12.76,-12.15,Drive
9,717338232,-0.1787,-0.1504,0.8423,-73.73,23.93,-14.71,Drive
9,717398231,-0.0054,0.2100,0.7319,-188.90,-10.93,0.37,Drive
9,717458230,0.0117,0.4658,1.0078,-257.02,-42.91,24.35,Drive
9,717518233,0.0488,0.2861,1.4976,-258.91,-49.99,35.58,Drive
9,717578231,0.0728,0.0117,1.5957,-222.96,-35.46,17.09,Drive
9,717638230,0.1548,-0.0107,1.3237,-191.47,-6.77,-6.84,Drive
9,717698232,0.0869,-0.1719,1.1772,-152.71,-35.71,-13.43,Drive
9,717758232,0.0308,-0.3350,1.0791,-125.79,-19.53,-20.45,Drive
9,717818230,0.0405,-0.4917,1.0244,-104.68,-9.03,-19.10,Drive
9,717878232,0.0894,-0.6714,1.0103,-86.12,-12.76,-12.63,Drive
9,717938233,0.1362,-0.7036,0.9380,-61.34,-11.90,-10.31,Drive
9,717998233,0.1396,-0.6592,0.8203,-28.26,-15.50,-3.60,Drive
9,718058233,0.1401,-0.6958,0.8032,-3.66,-30.09,4.09,Drive
9,718118233,0.1367,-0.7363,0.7671,5.86,-22.09,4.58,Drive
9,718178232,0.1270,-0.7383,0.7153,7.51,-12.94,5.00,Drive
9,718238233,0.1333,-0.7559,0.6572,7.51,-20.75,7.69,Drive
9,718298230,0.1162,-0.7944,0.6553,6.35,-18.31,6.90,Drive
9,718358231,0.1021,-0.7964,0.6611,3.60,-7.93,2.08,Drive
9,718418231,0.1201,-0.7808,0.6519,1.22,-11.17,0.92,Drive
9,718478233,0.1284,-0.7988,0.6758,-1.71,-12.45,1.46,Drive
9,718538233,0.1411,-0.8135,0.6709,-4.27,-9.52,-0.43,Drive
9,718598231,0.1543,-0.8013,0.6494,-2.99,-16.91,0.73,Drive
9,718658230,0.1504,-0.7979,0.6602,-2.32,-12.70,-0.79,Drive
9,718718231,0.1509,-0.7754,0.6362,-4.03,-8.79,1.16,Drive
9,718778232,0.1538,-0.7783,0.6348,-4.39,-9.95,6.84,Drive
9,718842613,0.1284,-0.8013,0.6758,-2.81,-10.19,10.13,Drive
9,718898232,0.1523,-0.7964,0.6963,-0.73,-17.09,11.78,Drive
9,718958232,0.1108,-0.8320,0.6689,1.22,-16.30,10.19,Drive
9,719018232,0.1367,-0.8267,0.6748,2.14,-17.15,9.77,Drive
9,719078232,0.1372,-0.8208,0.6675,0.37,-11.11,4.82,Drive
9,719138231,0.1230,-0.7988,0.6392,-3.30,-11.11,1.16,Drive
9,719198233,0.1348,-0.7725,0.6118,-6.47,-13.55,-0.49,Drive
9,719258231,0.1284,-0.7920,0.6382,-11.29,-14.77,0.85,Drive
9,719318232,0.1235,-0.8398,0.6787,-13.67,-9.22,0.37,Drive
10,729158233,0.0449,0.1064,1.0825,-0.49,-7.69,-2.01,Drive
10,729218233,0.0923,0.1211,1.1001,-2.26,-9.28,-4.46,Drive
10,729278233,0.1445,0.0952,1.1470,-12.63,13.31,-4.39,Drive
10,729338230,0.1650,0.0918,1.2153,-14.10,14.28,0.00,Drive
10,729398232,0.1685,0.0615,1.1602,18.37,18.68,-4.21,Drive
10,729458231,0.1040,0.1440,1.1470,67.75,-50.54,-9.40,Drive
10,729518230,0.1289,0.3970,1.0913,92.65,-50.29,-18.68,Drive
10,729578232,0.0312,0.4980,0.9844,98.75,-50.23,-23.56,Drive
10,729638230,-0.0254,0.4810,1.0020,103.52,-41.26,-38.94,Drive
10,729698230,-0.0840,0.4556,1.0288,104.43,-19.35,-58.23,Drive
10,729758233,0.0015,0.4023,1.0488,105.29,-14.22,-63.23,Drive
10,729818230,0.0425,0.0967,0.9795,85.82,-19.71,-51.76,Drive
10,729878232,0.0679,-0.1982,0.9604,23.99,-17.40,-31.86,Drive
10,729938231,0.0898,-0.0625,0.8711,-61.95,-15.08,-2.69,Drive
10,729998231,0.0127,0.2041,0.8853,-138.37,-45.96,27.47,Drive
10,730058231,0.0469,0.1216,1.0610,-202.64,-44.86,45.35,Drive
10,730118231,0.1099,0.1699,1.0986,-234.68,-46.39,61.58,Drive
10,730178232,0.3086,0.0864,1.1860,-239.44,-16.54,49.80,Drive
10,730238232,-0.0654,-0.1099,1.4199,-208.92,-6.77,14.77,Drive
10,730298231,0.0879,-0.1812,1.2427,-178.41,-40.95,6.90,Drive
10,730358233,0.1533,-0.4272,1.3569,-161.07,-34.79,10.56,Drive
10,730418233,0.2744,-0.4937,1.2866,-135.19,-18.98,9.46,Drive
10,730478232,0.1909,-0.6362,1.0723,-94.60,-4.88,-4.64,Drive
10,730538231,0.2026,-0.6318,0.8901,-45.53,-36.44,-12.33,Drive
10,730598233,0.2163,-0.6055,0.8359,-12.08,-49.87,-19.04,Drive
10,730658231,0.2285,-0.6821,0.7397,-2.87,-33.45,-25.21,Drive
10,730718233,0.2178,-0.7129,0.6709,-0.79,-15.14,-29.11,Drive
10,730778233,0.1372,-0.7832,0.6685,10.86,36.87,3.42,Drive
10,730838231,0.2871,-0.7305,0.5820,4.03,0.67,11.72,Drive
10,730898232,0.2563,-0.7319,0.5581,-5.25,-1.16,8.30,Drive
10,730958232,0.2666,-0.8203,0.6250,-13.61,-4.09,-0.43,Drive
10,731018231,0.2803,-0.8369,0.7290,0.85,-14.22,7.32,Drive
10,731078232,0.2925,-0.7485,0.6255,-0.06,-11.05,4.82,Drive
10,731138232,0.2842,-0.7466,0.6074,-11.41,-4.03,3.36,Drive
10,731198231,0.2544,-0.8145,0.6089,-15.81,-1.71,2.26,Drive
10,731258231,0.2153,-0.8506,0.6533,-2.56,-7.20,5.19,Drive
10,731318231,0.2407,-0.7969,0.6304,6.59,-12.27,6.47,Drive
10,731378232,0.2383,-0.7495,0.6094,5.49,-13.06,5.92,Drive
10,731438232,0.2261,-0.7520,0.6421,1.04,-17.64,6.16,Drive
10,731498231,0.1958,-0.8062,0.6479,-2.44,-10.19,6.90,Drive
10,731558232,0.1899,-0.8032,0.6221,-2.26,-13.12,8.48,Drive
10,731618233,0.1807,-0.7983,0.6284,-1.46,-13.06,8.30,Drive
10,731678231,0.1938,-0.8184,0.6611,-3.36,-6.23,8.36,Drive
10,731738230,0.1895,-0.8164,0.6987,-3.72,-5.55,8.91,Drive
10,731798232,0.1401,-0.8530,0.7280,-0.24,4.94,6.59,Drive
10,731858231,0.1431,-0.7065,0.7866,13.12,-10.38,15.26,Drive
10,731918230,0.1235,-0.6514,0.7979,23.44,4.15,25.94,Drive
10,731978231,0.1016,-0.6245,0.8901,32.41,8.36,29.54,Drive
10,732038232,0.0776,-0.5898,0.8901,38.76,-3.23,26.18,Drive
10,732098231,0.0767,-0.5986,0.8755,55.85,3.30,23.19,Drive
11,734198231,-0.1714,0.2998,1.0366,3.91,-9.03,-4.39,Drive
11,734258233,-0.1606,0.3115,1.0181,2.14,1.28,-6.35,Drive
11,734318232,-0.1938,0.4199,1.1470,-12.82,22.71,-4.03,Drive
11,734378232,0.0181,0.3857,0.9976,-28.08,12.57,4.03,Drive
11,734438231,0.0444,0.3755,1.1143,2.69,-42.60,17.33,Drive
11,734498230,-0.0791,0.2217,1.1846,57.19,-74.58,11.41,Drive
11,734558232,-0.1484,0.1382,1.1792,110.78,-77.33,3.36,Drive
11,734618232,-0.1729,0.0596,0.9839,129.15,-65.67,1.10,Drive
11,734678232,-0.1279,-0.1025,0.9404,88.75,-28.20,5.68,Drive
11,734738230,-0.1304,-0.3223,0.9009,2.32,-20.14,16.54,Drive
11,734798232,-0.1509,-0.4292,0.9292,-102.42,-31.49,27.95,Drive
11,734858232,0.0005,-0.3979,0.9956,-202.82,-4.03,44.13,Drive
11,734918232,0.1396,-0.2554,1.1851,-256.35,-31.19,61.46,Drive
11,734978231,0.1719,-0.0137,1.6787,-267.76,-32.84,64.51,Drive
11,735038230,0.0913,-0.1553,1.8999,-254.58,-7.02,43.21,Drive
11,735098232,0.1597,-0.2104,1.7437,-204.65,9.95,13.61,Drive
11,735158230,0.2886,-0.2207,1.3750,-127.87,-37.35,-2.08,Drive
11,735218233,0.1860,-0.3853,1.1572,-61.95,-39.49,-14.89,Drive
11,735278233,0.2412,-0.4951,1.0332,-27.77,-32.35,-30.88,Drive
11,735338232,0.2002,-0.5063,0.8638,-14.65,-28.75,-29.42,Drive
11,735398232,0.1484,-0.5625,0.7476,-6.23,-29.24,-21.18,Drive
11,735458231,0.1899,-0.7383,0.8081,-2.99,-17.58,-16.36,Drive
11,735518233,0.2114,-0.7451,0.7148,-1.04,-17.33,-12.76,Drive
11,735578233,0.2031,-0.7217,0.6846,1.04,-25.88,-3.11,Drive
11,735638233,0.2085,-0.6899,0.7031,2.20,-15.75,5.49,Drive
11,735698232,0.1934,-0.7607,0.7559,2.62,-13.67,7.08,Drive
11,735758232,0.2104,-0.7534,0.7061,2.99,-9.22,10.01,Drive
11,735818232,0.2212,-0.7378,0.6587,6.16,-14.89,14.40,Drive
11,735878231,0.2158,-0.7227,0.6362,4.82,-14.16,12.27,Drive
11,735938231,0.2100,-0.7236,0.6982,-0.06,-5.62,8.97,Drive
11,735998231,0.2021,-0.7349,0.7661,-3.36,-1.10,3.48,Drive
11,736058233,0.1831,-0.6426,0.7212,-2.08,17.40,-3.17,Drive
11,736118232,0.1606,-0.6475,0.5923,0.79,19.47,-6.10,Drive
11,736178232,0.1865,-0.7798,0.7959,-14.40,-2.14,1.22,Drive
11,736238232,0.1533,-0.8540,0.7427,-26.86,29.48,0.85,Drive
11,736298232,0.1670,-0.8330,0.6553,-15.38,6.90,11.23,Drive
11,736358231,0.1895,-0.7866,0.6475,-1.16,-20.14,23.25,Drive
11,736418232,0.1436,-0.7827,0.8638,-1.77,-26.61,25.94,Drive
11,736478231,0.1094,-0.7559,0.8774,-7.57,2.81,14.04,Drive
11,736538233,0.1011,-0.6904,0.7764,0.12,-5.25,8.00,Drive
11,736598231,0.0806,-0.6392,0.8447,8.12,-11.23,11.90,Drive
11,736658230,0.0571,-0.6748,0.8989,12.45,-12.08,18.31,Drive
11,736718232,0.0347,-0.6768,0.8779,20.02,9.34,23.13,Drive
11,736778231,0.0693,-0.6870,0.8545,33.02,-8.06,31.13,Drive
11,736838232,0.0483,-0.6846,0.8887,41.75,-11.05,31.62,Drive
11,736898233,0.0684,-0.7119,0.9521,40.22,-30.70,35.03,Drive
11,736958232,0.0391,-0.7056,0.8604,33.45,-13.92,37.23,Drive
11,737018232,-0.0029,-0.6421,0.7168,41.26,-37.48,41.87,Drive
11,737078232,-0.1108,-0.6367,0.8223,58.84,-42.36,35.40,Drive
11,737138232,-0.1260,-0.6934,0.9355,81.73,-28.50,20.57,Drive
12,738938233,-0.1821,0.2104,1.0547,-5.68,-9.09,-3.60,Drive
12,738998231,-0.1069,0.2388,1.1069,-10.86,1.59,-5.31,Drive
12,739058231,-0.0391,0.3491,1.1826,-24.90,44.68,-4.82,Drive
12,739118232,-0.1372,0.2876,1.0967,5.37,-11.66,20.39,Drive
12,739178231,0.0518,0.3916,1.2383,73.24,-71.11,40.59,Drive
12,739238230,-0.0854,0.4224,1.2065,140.56,-55.97,36.32,Drive
12,739298230,-0.1548,0.4844,1.0347,170.23,-58.04,33.02,Drive
12,739358230,-0.2314,0.4409,1.0259,156.49,-50.42,23.32,Drive
12,739418232,-0.1733,0.4175,1.0498,125.55,-60.61,9.34,Drive
12,739478230,-0.0967,0.5010,1.0625,94.79,-88.01,-8.54,Drive
12,739538231,0.0459,0.0898,0.7783,54.99,-15.26,-29.66,Drive
12,739598231,-0.1377,-0.1680,0.5293,-8.73,-4.94,-16.66,Drive
12,739658232,0.0229,-0.1265,0.6689,-107.30,-13.31,8.12,Drive
12,739718231,0.0366,-0.0562,0.7271,-222.78,8.79,31.07,Drive
12,739778233,0.2861,0.1772,0.9287,-312.62,-45.53,67.32,Drive
12,739838230,0.2563,-0.4463,1.7563,-338.26,-14.53,79.41,Drive
12,739898230,0.2803,-0.4634,2.1367,-283.45,-16.30,24.48,Drive
12,739958232,0.3511,-0.2778,2.0596,-230.22,-41.26,2.20,Drive
12,740018233,0.1851,-0.1152,1.6025,-181.21,-42.97,-11.84,Drive
12,740078231,0.1064,-0.3579,1.2925,-133.18,-37.23,-15.62,Drive
12,740138233,0.0938,-0.4575,1.1094,-88.38,-35.58,-16.11,Drive
12,740198230,0.1235,-0.5420,0.8491,-54.26,-23.25,-13.55,Drive
12,740258230,0.1714,-0.5078,0.7227,-23.56,-19.65,-3.23,Drive
12,740318232,0.1753,-0.6162,0.7065,-2.99,-23.44,3.66,Drive
12,740378230,0.1719,-0.7480,0.6338,7.14,-11.96,1.95,Drive
12,740438231,0.2251,-0.7788,0.5820,7.69,1.34,-0.06,Drive
12,740498232,0.2227,-0.7935,0.5410,5.80,-14.34,8.36,Drive
12,740558232,0.1987,-0.7866,0.5425,2.14,-9.46,7.57,Drive
12,740618231,0.1934,-0.8281,0.5869,-1.10,-10.86,8.18,Drive
12,740678230,0.1836,-0.8452,0.5898,-2.26,-8.36,4.70,Drive
12,740738233,0.1982,-0.8389,0.5635,-1.22,-10.31,5.19,Drive
12,740798230,0.1992,-0.8232,0.5679,-0.79,-13.00,7.63,Drive
12,740858233,0.1890,-0.8281,0.5776,-0.67,-7.63,4.33,Drive
12,740918233,0.2124,-0.8545,0.5972,1.53,-8.00,0.06,Drive
12,740978231,0.1973,-0.8398,0.5771,3.66,-10.99,-2.20,Drive
12,741038232,0.0874,-0.8442,0.5522,-1.53,-3.60,2.81,Drive
12,741098231,0.2017,-0.8569,0.5952,-2.38,-7.75,5.07,Drive
12,741158230,0.1885,-0.8389,0.5918,1.71,-9.40,3.54,Drive
12,741218231,0.2114,-0.8242,0.5913,2.08,-7.39,-0.43,Drive
12,741278231,0.1953,-0.8218,0.5820,-1.77,-11.11,3.97,Drive
12,741338233,0.1987,-0.8496,0.5952,-1.65,-6.65,1.04,Drive
12,741398231,0.1895,-0.8135,0.5879,-1.04,-7.75,0.61,Drive
12,741458230,0.2080,-0.8164,0.5898,-1.53,-10.93,3.23,Drive
12,741518233,0.2036,-0.8359,0.6187,-0.92,-10.07,1.83,Drive
12,741578231,0.1499,-0.8291,0.5869,-1.53,-11.17,3.05,Drive
12,741638232,0.1865,-0.8262,0.6069,-1.59,-12.57,4.03,Drive
12,741698231,0.1792,-0.8193,0.5991,-1.95,-12.70,4.82,Drive
12,741758232,0.1753,-0.8262,0.5938,-1.22,-14.47,6.59,Drive
12,741818232,0.1841,-0.8345,0.6001,-1.65,-10.62,5.07,Drive
12,741878232,0.1694,-0.8472,0.5791,-2.81,-9.52,2.99,Drive
13,744698232,-0.2153,0.0820,1.0415,-2.93,-9.95,1.59,Drive
13,744758230,-0.2114,0.0972,1.0635,-5.19,-4.76,0.06,Drive
13,744818233,-0.2148,0.1016,1.0391,-11.54,0.06,-0.06,Drive
13,744878230,-0.1704,0.1611,1.1006,-19.04,-6.16,1.46,Drive
13,744938230,-0.0840,0.1646,1.0830,-20.14,-4.52,3.91,Drive
13,744998232,-0.1001,0.1714,1.0449,-3.23,-24.78,11.54,Drive
13,745058232,-0.0444,0.1665,1.1865,36.38,-76.97,24.66,Drive
13,745118230,-0.1426,0.2300,1.2178,68.85,-46.69,24.05,Drive
13,745178232,-0.1445,0.3569,1.1812,99.30,-35.34,26.67,Drive
13,745238230,-0.1807,0.4526,1.1519,129.76,-44.86,30.33,Drive
13,745298230,-0.2324,0.4736,1.0762,143.19,-18.74,23.07,Drive
13,745358230,-0.2017,0.4604,0.9785,141.05,-23.25,18.19,Drive
13,745418232,-0.1948,0.3154,0.9302,113.53,-4.58,9.58,Drive
13,745478233,-0.1099,0.1079,0.9902,61.34,12.02,-3.91,Drive
13,745538232,-0.2021,-0.2690,0.9512,-8.06,30.40,-28.32,Drive
13,745598232,-0.0176,-0.1929,0.8638,-83.19,-29.66,-39.37,Drive
13,745658231,0.0063,0.0493,0.8765,-157.65,-70.19,-30.27,Drive
13,745718232,0.0049,0.0547,1.0381,-229.25,-43.15,-27.53,Drive
13,745778232,0.0547,-0.0474,1.2627,-271.36,1.71,-33.51,Drive
13,745838230,0.0376,0.0967,1.6685,-260.99,-96.44,-16.54,Drive
13,745898233,-0.1362,-0.3022,1.6353,-224.30,-43.27,-14.28,Drive
13,745958230,-0.1172,-0.1992,1.5166,-160.40,-15.01,-22.28,Drive
13,746018232,-0.0278,-0.0786,1.2773,-102.23,-48.77,-14.59,Drive
13,746078231,-0.0303,-0.1807,1.2329,-72.63,-52.37,-2.26,Drive
13,746138233,0.0371,-0.3877,1.0952,-53.34,-20.32,-3.72,Drive
13,746198232,0.1094,-0.6558,0.9805,-27.71,-21.06,-0.92,Drive
13,746258231,0.0972,-0.7314,0.9395,-3.23,-30.09,3.42,Drive
13,746318231,0.1245,-0.6558,0.8335,8.30,-23.07,10.50,Drive
13,746378232,0.1543,-0.6616,0.7798,9.95,-23.68,15.14,Drive
13,746438232,0.1035,-0.6699,0.7437,3.17,-15.01,14.89,Drive
13,746498230,0.1226,-0.6870,0.7275,-0.61,-12.33,12.57,Drive
13,746558233,0.1206,-0.7285,0.7642,-1.40,-15.56,7.39,Drive
13,746618230,0.1245,-0.7241,0.7373,-4.03,-10.99,4.03,Drive
13,746678232,0.1577,-0.7007,0.7217,-2.50,-10.86,4.21,Drive
13,746738232,0.1479,-0.7070,0.7690,-0.73,-15.56,4.39,Drive
13,746798231,0.1396,-0.7222,0.7720,0.12,-13.67,-0.18,Drive
13,746858233,0.1479,-0.7100,0.7549,0.79,-14.47,-0.55,Drive
13,746918231,0.1479,-0.7246,0.7461,-0.49,-18.25,2.26,Drive
13,746978233,0.1504,-0.7461,0.7534,-2.08,-14.04,0.24,Drive
13,747038232,0.1450,-0.7407,0.7393,-1.10,-16.24,-0.18,Drive
13,747098230,0.1294,-0.7358,0.7441,-2.14,-11.05,0.92,Drive
13,747158232,0.1479,-0.7490,0.7534,-3.60,-5.98,0.61,Drive
13,747218233,0.1616,-0.7305,0.7397,-3.42,-9.70,1.95,Drive
13,747278231,0.1582,-0.7397,0.7378,-3.97,-10.01,2.99,Drive
13,747338233,0.1631,-0.7202,0.7305,-2.87,-15.44,5.92,Drive
13,747398232,0.1450,-0.7227,0.7358,-2.50,-12.94,7.08,Drive
13,747458233,0.1504,-0.7246,0.7603,-0.43,-17.58,7.39,Drive
13,747518232,0.1289,-0.7207,0.7666,2.01,-21.36,6.65,Drive
13,747578232,0.1226,-0.7139,0.7363,1.28,-12.94,5.13,Drive
13,747638230,0.1289,-0.7358,0.7271,-1.59,-10.56,4.88,Drive
14,751298230,-0.2476,0.0815,1.0557,-6.59,-25.70,-5.00,Drive
14,751358231,-0.2378,0.0708,1.0649,-10.25,-11.29,-10.13,Drive
14,751418232,-0.2461,0.0493,1.0625,-13.98,-7.75,-11.78,Drive
14,751478231,-0.2007,0.0952,1.0996,-24.05,-0.37,-9.83,Drive
14,751538231,-0.0879,0.1592,1.0527,-28.56,-7.75,2.32,Drive
14,751598232,-0.0981,0.1260,1.1660,-3.72,-38.70,18.98,Drive
14,751658231,-0.0723,0.0503,1.2363,38.94,-70.74,21.85,Drive
14,751718233,-0.1270,0.1372,1.2969,85.63,-41.02,18.13,Drive
14,751778232,-0.1108,0.2368,1.2314,132.45,-48.46,17.46,Drive
14,751838230,-0.1704,0.3994,1.1299,169.37,-54.38,17.46,Drive
14,751898232,-0.1899,0.5112,1.0693,181.88,-31.62,18.43,Drive
14,751958232,-0.1963,0.4580,0.9731,168.64,-24.60,16.60,Drive
14,752018232,-0.1821,0.2480,0.9458,121.64,-25.45,10.13,Drive
14,752078232,-0.2197,-0.2368,0.9644,31.80,-1.59,-4.76,Drive
14,752138231,-0.1074,-0.3638,0.8833,-76.05,-17.64,-19.59,Drive
14,752198233,-0.0645,-0.2300,0.8506,-187.44,-36.07,-16.11,Drive
14,752258230,0.2329,-0.1128,0.9199,-286.19,-42.66,9.77,Drive
14,752318230,0.2334,-0.0933,1.3228,-344.97,-48.03,31.92,Drive
14,752378231,0.1353,-0.3105,1.9263,-337.16,-49.68,33.87,Drive
14,752438231,0.1133,-0.3096,2.0273,-267.70,-19.23,15.14,Drive
14,752498231,0.1313,-0.3101,1.7017,-187.01,6.41,-5.68,Drive
14,752558233,0.1396,-0.3696,1.3730,-109.44,-25.51,-11.72,Drive
14,752618232,0.0483,-0.4995,0.9683,-53.96,-13.12,-18.80,Drive
14,752678231,0.0825,-0.4922,0.8882,-24.35,-24.29,-14.53,Drive
14,752738233,-0.0640,-0.5151,0.8433,-13.49,-25.09,-8.91,Drive
14,752798233,-0.0117,-0.6411,0.7573,-3.17,2.99,-10.07,Drive
14,752859613,0.0815,-0.7158,0.6904,6.41,-12.21,3.60,Drive
14,752918231,0.1353,-0.7627,0.6797,11.66,-3.36,9.03,Drive
14,752978232,0.1514,-0.7876,0.6504,15.20,-12.08,14.10,Drive
14,753038232,0.1182,-0.7729,0.6606,13.49,-9.70,15.01,Drive
14,753098231,0.1099,-0.7896,0.6724,9.28,-6.84,11.41,Drive
14,753158232,0.1128,-0.8242,0.6826,5.49,-9.58,3.78,Drive
14,753218233,0.0923,-0.8145,0.6680,2.93,-6.04,-4.21,Drive
14,753278231,0.1050,-0.8066,0.6733,2.08,-11.29,-7.26,Drive
14,753338231,0.1206,-0.7886,0.6733,-0.24,-11.78,-8.30,Drive
14,753398232,0.1084,-0.8135,0.6719,-2.14,-10.13,-8.67,Drive
14,753458233,0.1147,-0.7993,0.6904,-1.71,-9.28,-7.08,Drive
14,753518232,0.1396,-0.7910,0.6763,0.55,-6.29,-6.90,Drive
14,753578232,0.1245,-0.7837,0.6753,1.53,-7.63,-2.50,Drive
14,753638231,0.1289,-0.7705,0.6680,-0.37,-11.05,1.53,Drive
14,753698231,0.1226,-0.7856,0.6816,-2.87,-8.18,2.26,Drive
14,753758232,0.1157,-0.7700,0.6904,-3.78,-7.93,2.38,Drive
14,753818230,0.1196,-0.7793,0.7119,-4.33,-10.07,3.42,Drive
14,753878232,0.1289,-0.7739,0.7051,-2.93,-8.67,2.01,Drive
14,753938233,0.1338,-0.7715,0.6992,-1.53,-11.90,3.11,Drive
14,753998231,0.1108,-0.7769,0.7046,-1.95,-14.10,4.52,Drive
14,754058232,0.0933,-0.7749,0.6895,-4.58,-9.70,6.35,Drive
14,754118231,0.1006,-0.8037,0.6802,-4.27,-9.22,8.97,Drive
14,754178231,0.0977,-0.8013,0.6851,-0.85,-12.88,10.50,Drive
14,754238233,0.0928,-0.7754,0.6802,1.71,-11.78,8.61,Drive
15,768218231,-0.2388,0.0728,1.0503,-7.63,-16.24,0.61,Drive
15,768278231,-0.2441,0.0786,1.0679,-8.85,-7.14,0.18,Drive
15,768338232,-0.2378,0.0957,1.0854,-13.49,-2.56,0.43,Drive
15,768398233,-0.1929,0.0991,1.1226,-20.81,-2.44,2.93,Drive
15,768458233,-0.1265,0.0796,1.2026,-18.49,1.53,5.68,Drive
15,768518232,-0.0947,0.0151,1.2310,11.66,-37.41,18.49,Drive
15,768578233,0.0659,0.2065,1.3042,56.52,-64.03,31.80,Drive
15,768638231,-0.0039,0.3335,1.2158,105.22,-49.38,34.30,Drive
15,768698233,0.0151,0.4575,1.1514,166.44,-30.94,32.59,Drive
15,768758232,-0.3491,0.4414,1.0850,195.19,-12.82,39.86,Drive
15,768818232,-0.4141,0.4233,0.8193,166.02,-9.77,40.22,Drive
15,768878232,-0.4321,0.3198,0.7710,105.29,-17.64,32.59,Drive
15,768938232,-0.3774,0.1445,0.8516,28.93,-15.75,14.40,Drive
15,768998230,-0.2749,-0.1655,0.9121,-53.04,12.21,-13.06,Drive
15,769058230,-0.1875,-0.2681,0.8628,-136.11,25.09,-39.55,Drive
15,769118230,-0.1680,-0.0356,0.9771,-227.42,-64.94,-44.07,Drive
15,769178230,-0.1885,0.0562,1.2944,-316.83,-63.66,-7.75,Drive
15,769238231,-0.1724,-0.0283,1.6265,-332.82,15.87,-29.36,Drive
15,769298231,-0.2134,-0.3188,1.7900,-284.48,10.44,-47.49,Drive
15,769358231,-0.1821,-0.4712,1.5869,-221.56,1.89,-68.91,Drive
15,769418233,-0.0908,-0.4912,1.2769,-158.26,-2.69,-74.28,Drive
15,769478231,-0.0391,-0.4702,1.0859,-99.67,-37.35,-60.85,Drive
15,769538232,-0.0142,-0.4937,0.8896,-57.43,-39.25,-45.78,Drive
15,769598230,0.0420,-0.6021,0.7500,-23.93,-40.16,-28.50,Drive
15,769658230,0.1128,-0.6675,0.7124,1.10,-29.11,-12.88,Drive
15,769718231,0.1226,-0.7344,0.6157,23.07,-22.83,-2.14,Drive
15,769778231,0.1504,-0.7349,0.5815,34.73,-30.21,10.01,Drive
15,769838232,0.1572,-0.7749,0.5898,31.07,-9.40,12.88,Drive
15,769898233,0.1812,-0.7896,0.6294,19.96,-15.56,15.75,Drive
15,769958232,0.1514,-0.8311,0.6025,9.77,-5.74,13.43,Drive
15,770018232,0.1377,-0.8418,0.6304,6.47,-9.64,13.49,Drive
15,770078233,0.1279,-0.8374,0.6484,4.03,-7.14,11.54,Drive
15,770138231,0.1309,-0.8091,0.6660,2.50,-2.75,9.40,Drive
15,770198231,0.1211,-0.7915,0.6714,1.40,-7.02,7.63,Drive
15,770258232,0.1206,-0.8037,0.6484,1.04,-6.65,6.47,Drive
15,770318233,0.1318,-0.8101,0.6597,2.08,-9.03,6.10,Drive
15,770378232,0.0869,-0.8340,0.7021,3.91,-12.33,3.48,Drive
15,770438231,0.1006,-0.8379,0.6919,9.03,-10.38,1.16,Drive
15,770498232,0.1372,-0.7856,0.6978,17.09,-10.25,2.62,Drive
15,770558231,0.1206,-0.7148,0.6611,15.14,-12.02,6.96,Drive
15,770618231,0.0933,-0.7153,0.6904,9.28,-12.57,11.54,Drive
15,770678230,0.0835,-0.7905,0.7007,3.05,-12.33,12.88,Drive
15,770738232,0.0767,-0.8042,0.7007,3.17,-5.00,9.03,Drive
15,770798232,0.0840,-0.7725,0.7095,4.27,-5.49,7.20,Drive
15,770858233,0.0747,-0.7681,0.7407,3.17,-13.67,6.47,Drive
15,770918233,0.0786,-0.7573,0.7275,1.10,-7.93,4.03,Drive
15,770978232,0.0874,-0.7446,0.7104,0.79,-10.44,3.11,Drive
15,771038231,0.0659,-0.7520,0.7227,0.85,-12.39,1.46,Drive
15,771098232,0.0840,-0.7383,0.7266,-0.79,-10.80,0.85,Drive
15,771158233,0.0781,-0.7314,0.7261,-1.40,-15.26,3.11,Drive
16,773798230,-0.3804,0.3076,0.9614,-2.38,-14.89,0.00,Drive
16,773858231,-0.3809,0.2925,0.9658,-6.23,-9.16,-0.31,Drive
16,773918230,-0.3750,0.3477,1.0396,-14.59,-3.54,0.55,Drive
16,773978232,-0.2163,0.3496,1.1099,-20.94,19.65,0.79,Drive
16,774038231,-0.2090,0.3398,1.1021,13.49,-39.18,21.97,Drive
16,774098233,-0.1045,0.4629,1.1475,71.04,-79.96,38.02,Drive
16,774158231,-0.2173,0.5396,1.0454,109.50,-48.89,43.27,Drive
16,774218232,-0.2397,0.7236,0.8521,135.56,-65.25,47.06,Drive
16,774278232,-0.2622,0.8394,0.8062,144.84,-54.81,44.07,Drive
16,774338231,-0.2969,0.6958,0.7891,135.19,-34.73,31.62,Drive
16,774398232,-0.2715,0.3730,0.8076,110.66,-35.52,15.75,Drive
16,774458231,-0.3008,-0.0386,0.9019,51.03,-31.86,-9.34,Drive
16,774518232,-0.3394,-0.2026,0.8447,-42.54,-8.18,-45.65,Drive
16,774578232,-0.2070,0.0850,0.7188,-153.75,-38.94,-55.11,Drive
16,774638230,-0.1914,0.3989,0.8555,-240.84,-91.80,-36.07,Drive
16,774698232,0.0098,0.1890,0.9888,-258.79,-68.97,-14.77,Drive
16,774758231,-0.0215,-0.0317,1.2451,-227.78,-86.43,-3.66,Drive
16,774818231,0.0288,0.1099,1.2446,-204.90,-50.42,-5.43,Drive
16,774878232,-0.0488,-0.0171,1.3262,-190.43,-12.88,-18.55,Drive
16,774938231,-0.0283,-0.1567,1.4180,-159.61,-7.93,-33.51,Drive
16,774998232,0.0449,-0.2598,1.3652,-115.23,2.32,-39.92,Drive
16,775058231,-0.0327,-0.3369,1.1675,-74.58,-51.76,-19.53,Drive
16,775118230,-0.0068,-0.4702,1.2061,-48.16,-33.94,3.42,Drive
16,775178232,0.1230,-0.6313,1.1689,-26.18,-46.14,19.78,Drive
16,775238233,0.1626,-0.6387,1.0908,-10.01,-37.96,28.26,Drive
16,775298231,0.1558,-0.6377,0.9595,0.55,-19.04,29.30,Drive
16,775358232,0.0952,-0.6001,0.8564,3.85,-16.78,28.56,Drive
16,775418232,0.1392,-0.6089,0.8535,-1.28,-15.93,23.62,Drive
16,775478232,0.1030,-0.6411,0.8574,-5.74,-20.08,16.85,Drive
16,775538231,0.1353,-0.7036,0.8418,-6.53,-8.06,5.55,Drive
16,775598232,0.1162,-0.7012,0.8081,-3.11,-6.90,-0.49,Drive
16,775658232,0.0942,-0.6597,0.7910,-2.75,-11.23,-0.61,Drive
16,775718231,0.1064,-0.6841,0.7852,-8.36,-12.76,-0.85,Drive
16,775778231,0.0903,-0.7051,0.7729,-12.70,-13.24,-1.71,Drive
16,775838232,0.0923,-0.7168,0.7891,-10.62,-15.38,-2.01,Drive
16,775898231,0.1011,-0.7144,0.7900,-7.69,-19.71,-1.53,Drive
16,775958232,0.1050,-0.6992,0.7959,-5.37,-14.65,-0.79,Drive
16,776018233,0.1108,-0.7124,0.7871,-4.52,-10.86,-0.12,Drive
16,776078232,0.1113,-0.6978,0.7661,-5.07,-16.60,3.42,Drive
16,776138232,0.1040,-0.7349,0.7827,-6.47,-6.77,4.76,Drive
16,776198232,0.1309,-0.7461,0.7695,-7.51,-9.77,4.88,Drive
16,776258231,0.1313,-0.7241,0.7549,-4.52,-15.32,5.80,Drive
16,776318231,0.1230,-0.7217,0.7656,-3.60,-10.86,5.19,Drive
16,776378232,0.1289,-0.7158,0.7617,-7.39,-10.19,5.00,Drive
16,776438232,0.1191,-0.7207,0.7432,-10.01,-16.60,6.04,Drive
16,776498232,0.1377,-0.7388,0.7627,-11.23,-19.23,6.16,Drive
16,776558230,0.1514,-0.7637,0.7881,-10.01,-2.14,3.11,Drive
16,776618233,0.1001,-0.7612,0.8481,-5.92,-21.06,11.17,Drive
16,776678230,0.1230,-0.7778,0.9053,-5.43,-12.02,16.42,Drive
16,776738232,0.1079,-0.7866,0.8638,0.00,-9.83,17.76,Drive
17,779438231,-0.3701,0.1030,1.0044,-1.77,-42.85,6.29,Drive
17,779498231,-0.3872,0.1006,1.0381,-4.52,6.84,-1.40,Drive
17,779558232,-0.3218,0.0918,1.0264,-8.48,8.24,-2.75,Drive
17,779618232,-0.4302,0.1055,1.0474,-14.95,3.11,-0.61,Drive
17,779678230,-0.2207,0.2075,1.0708,-21.73,-17.82,5.74,Drive
17,779738231,-0.2100,0.1816,1.2993,-1.04,-65.37,24.35,Drive
17,779798232,-0.1611,0.1733,1.3589,57.07,-69.52,28.50,Drive
17,779858232,-0.1768,0.2520,1.3589,118.41,-54.44,32.53,Drive
17,779918230,-0.2656,0.4111,1.2197,164.06,-44.25,36.32,Drive
17,779978233,-0.1885,0.4771,1.0532,197.88,-1.22,43.88,Drive
17,780038233,-0.3921,0.3574,0.8730,207.70,-37.90,52.37,Drive
17,780098231,-0.3647,0.1440,0.7422,163.45,-10.86,30.03,Drive
17,780158231,-0.4365,-0.4150,0.7993,71.29,9.95,1.83,Drive
17,780218231,-0.2437,-0.3086,0.7041,-36.32,6.41,-51.51,Drive
17,780278231,-0.0669,-0.0898,0.6865,-158.14,-5.68,-78.19,Drive
17,780338230,-0.0044,0.2598,0.5776,-250.12,-79.35,-67.08,Drive
17,780398231,-0.1587,0.3452,0.9717,-297.73,-71.35,-38.27,Drive
17,780458231,-0.1021,0.1030,1.4580,-281.49,-117.37,-19.65,Drive
17,780518232,-0.0874,-0.0869,1.5386,-251.40,-87.89,-11.47,Drive
17,780578232,0.0713,-0.2725,1.6328,-200.81,-30.64,-15.99,Drive
17,780638230,-0.0381,-0.1475,1.6782,-127.08,-86.61,-1.22,Drive
17,780698231,-0.0420,-0.3794,1.4019,-73.36,-48.83,4.46,Drive
17,780758232,0.0103,-0.4072,1.3105,-44.98,-42.54,4.15,Drive
17,780818231,0.0977,-0.5391,1.0630,-37.66,-38.33,2.62,Drive
17,780878233,0.0518,-0.5532,1.0371,-29.05,-41.08,5.74,Drive
17,780938232,0.0884,-0.6353,0.9619,-21.85,-24.90,4.39,Drive
17,780998232,0.1489,-0.6582,0.8843,-15.01,-15.01,5.13,Drive
17,781058232,0.1250,-0.6572,0.8462,-5.25,-27.40,5.86,Drive
17,781118231,0.1265,-0.6670,0.7920,-0.18,-22.16,5.37,Drive
17,781178233,0.1245,-0.6934,0.8037,-0.24,-6.71,-0.92,Drive
17,781238230,0.0840,-0.7153,0.7705,0.43,-8.85,-1.59,Drive
17,781298231,0.1284,-0.7339,0.7607,1.65,-9.28,-2.20,Drive
17,781358231,0.1279,-0.7310,0.7383,1.04,-12.39,0.67,Drive
17,781418230,0.1294,-0.7603,0.7510,-2.26,-15.62,0.00,Drive
17,781478233,0.1426,-0.7471,0.7383,-5.74,-9.89,-1.95,Drive
17,781538232,0.1367,-0.7544,0.7280,-7.81,-13.49,-0.06,Drive
17,781598231,0.1323,-0.7456,0.7451,-8.91,-5.37,-0.06,Drive
17,781658231,0.1680,-0.7471,0.7544,-9.22,-13.06,3.60,Drive
17,781718232,0.1602,-0.7446,0.7349,-6.90,-16.85,5.43,Drive
17,781778231,0.1396,-0.7607,0.7651,-5.31,-14.65,3.91,Drive
17,781838232,0.1831,-0.7197,0.7334,-2.56,-15.44,2.32,Drive
17,781898232,0.1553,-0.7178,0.7349,0.61,-10.25,2.08,Drive
17,781958233,0.1489,-0.7065,0.7329,1.10,-9.83,3.60,Drive
17,782018230,0.1294,-0.7354,0.7314,-0.31,-5.55,4.94,Drive
17,782078231,0.1387,-0.7310,0.7192,-0.55,-12.82,5.86,Drive
17,782138232,0.1167,-0.7612,0.7295,-2.62,-4.27,4.76,Drive
17,782198233,0.1191,-0.7378,0.7231,-3.42,-10.93,5.25,Drive
17,782258232,0.1265,-0.7324,0.7280,-3.54,-11.84,4.46,Drive
17,782318231,0.0830,-0.7593,0.7451,-3.30,-11.05,3.78,Drive
17,782378231,0.1060,-0.7329,0.7446,-3.85,-14.34,5.43,Drive
18,786158232,-0.3604,0.1841,0.9946,-1.77,-20.51,7.02,Drive
18,786218230,-0.3374,0.1978,1.0005,-3.72,-0.37,1.04,Drive
18,786278233,-0.3311,0.1816,1.0103,-8.00,2.38,-1.28,Drive
18,786338233,-0.3257,0.2241,1.0488,-17.15,-10.13,-0.49,Drive
18,786398232,-0.1636,0.2822,1.1958,-8.61,-11.11,12.57,Drive
18,786458232,-0.2026,0.2021,1.2617,35.10,-34.91,32.65,Drive
18,786518233,-0.2148,0.2871,1.1929,98.02,-60.67,55.66,Drive
18,786578233,-0.1440,0.3657,1.1704,149.54,-38.94,58.29,Drive
18,786638231,-0.2261,0.4434,0.9741,174.56,-52.43,55.11,Drive
18,786698233,-0.3940,0.3662,0.7964,155.88,-32.96,45.90,Drive
18,786758230,-0.3784,0.1812,0.7949,101.99,-33.02,24.84,Drive
18,786818231,-0.4326,-0.1196,0.7861,20.39,-48.22,-3.78,Drive
18,786878233,-0.2554,-0.1216,0.7368,-69.40,-13.06,-32.90,Drive
18,786938231,-0.1362,0.0054,0.7388,-145.69,-28.93,-43.70,Drive
18,786998231,-0.1167,0.2085,0.8442,-207.89,-28.38,-33.51,Drive
18,787058232,-0.0044,0.2529,1.0552,-248.96,-48.28,-12.02,Drive
18,787118230,-0.0347,0.0796,1.2383,-256.53,-107.73,8.91,Drive
18,787178232,-0.0464,-0.0176,1.4761,-223.14,-60.61,8.00,Drive
18,787238233,-0.0825,0.0054,1.6982,-172.97,-61.10,-2.32,Drive
18,787298232,0.0845,-0.1089,1.5469,-126.59,-48.65,2.56,Drive
18,787358232,0.2979,-0.3369,1.3438,-82.82,-22.09,23.62,Drive
18,787418231,0.3965,-0.4658,1.1826,-42.11,-80.32,48.71,Drive
18,787478232,0.1680,-0.4731,1.0249,-19.59,-39.37,36.68,Drive
18,787538231,0.1401,-0.4585,1.0117,-14.83,-19.41,19.29,Drive
18,787598231,0.1348,-0.5381,0.9380,-16.85,-20.51,5.19,Drive
18,787658232,0.1323,-0.6255,0.8901,-13.06,-16.91,-5.62,Drive
18,787718230,0.1245,-0.6885,0.8730,-10.74,-3.60,-9.89,Drive
18,787778232,0.1460,-0.7100,0.8110,-5.07,-2.69,-10.74,Drive
18,787838230,0.1270,-0.6660,0.7461,0.31,-6.47,-8.79,Drive
18,787898231,0.1348,-0.6753,0.7490,-4.94,-7.75,-1.95,Drive
18,787958230,0.0947,-0.7798,0.7827,-8.00,-16.48,5.80,Drive
18,788018231,0.1553,-0.7368,0.7690,-8.06,-0.92,3.66,Drive
18,788078230,0.1401,-0.7080,0.7935,-6.41,-10.44,2.26,Drive
18,788138231,0.1401,-0.7231,0.7886,-4.94,-6.10,0.24,Drive
18,788198230,0.1597,-0.6973,0.7568,-4.88,-7.45,0.73,Drive
18,788258232,0.1445,-0.7051,0.7617,-5.74,-13.00,4.52,Drive
18,788318231,0.1538,-0.7393,0.7261,-4.58,-10.86,4.15,Drive
18,788378231,0.1279,-0.7056,0.7368,-2.01,-11.47,2.87,Drive
18,788438232,0.1284,-0.6938,0.7432,-4.21,-13.12,0.85,Drive
18,788498232,0.1333,-0.7197,0.7544,-7.26,-14.04,-0.06,Drive
18,788558231,0.1333,-0.7520,0.7588,-8.91,-10.74,-1.22,Drive
18,788618232,0.1621,-0.7637,0.7759,-5.86,-8.97,-1.89,Drive
18,788678231,0.1567,-0.7563,0.7803,-2.01,-11.78,-0.06,Drive
18,788738233,0.1675,-0.7207,0.7725,-2.32,-9.95,1.53,Drive
18,788798231,0.1592,-0.7080,0.7354,-1.83,-16.05,2.99,Drive
18,788858231,0.1631,-0.7212,0.7285,-1.16,-10.86,4.70,Drive
18,788918231,0.1675,-0.7090,0.7344,-2.32,-10.74,2.93,Drive
18,788978230,0.1558,-0.7012,0.7051,-6.16,-7.81,0.31,Drive
18,789038231,0.1567,-0.7144,0.7051,-5.92,-13.67,-0.18,Drive
18,789098232,0.1519,-0.7690,0.7466,-5.37,-12.76,-0.37,Drive
19,792218233,-0.3589,0.0684,1.0229,-4.70,-21.42,-1.59,Drive
19,792278233,-0.3364,0.0825,0.9937,-6.90,0.79,-4.82,Drive
19,792338233,-0.3311,0.1138,1.0986,-12.63,-1.59,-3.85,Drive
19,792398232,-0.2114,0.1880,1.1562,-17.33,30.33,-3.17,Drive
19,792458232,-0.2070,0.1680,1.2505,15.87,-44.74,24.66,Drive
19,792518231,-0.1914,0.1982,1.2690,75.20,-49.87,38.94,Drive
19,792578230,-0.3286,0.2935,1.2056,128.17,-26.86,48.03,Drive
19,792638232,-0.3501,0.4570,1.0708,166.81,-17.52,54.69,Drive
19,792698231,-0.3657,0.5996,0.9111,172.42,-28.08,61.95,Drive
19,792758230,-0.3594,0.6279,0.8384,153.93,-21.18,59.08,Drive
19,792818230,-0.3022,0.3364,0.8213,122.38,-49.13,37.96,Drive
19,792879613,-0.4043,-0.0044,0.7979,65.31,-39.55,4.70,Drive
19,792938231,-0.3525,-0.2520,0.7139,-20.94,-24.60,-33.94,Drive
19,792998230,-0.1816,-0.1689,0.7407,-111.15,-17.46,-59.75,Drive
19,793058230,-0.1460,0.0732,0.7822,-199.46,-47.61,-66.35,Drive
19,793118232,-0.1499,0.1846,0.9004,-262.33,-53.28,-56.52,Drive
19,793178230,-0.1196,0.1436,1.1025,-278.69,-118.65,-23.01,Drive
19,793238232,-0.1211,0.0005,1.3096,-264.40,-90.39,-2.14,Drive
19,793298230,0.0142,-0.1519,1.5210,-222.11,-61.28,-6.29,Drive
19,793358232,-0.0278,-0.3213,1.4795,-187.56,-23.99,-14.65,Drive
19,793418231,0.0366,-0.5776,1.4014,-153.02,-16.11,-21.06,Drive
19,793478232,0.0596,-0.6460,1.3848,-111.76,-28.20,-14.40,Drive
19,793538232,0.0122,-0.7314,1.1196,-61.40,-17.27,-11.41,Drive
19,793598230,0.0537,-0.7388,0.9951,-26.12,-28.44,0.85,Drive
19,793658231,0.0347,-0.6948,0.7905,-3.17,-24.11,14.04,Drive
19,793718233,0.0903,-0.7397,0.7935,6.77,-18.43,18.49,Drive
19,793778231,0.0615,-0.6318,0.7852,9.28,-15.44,10.74,Drive
19,793838232,0.0415,-0.6938,0.6821,1.28,-11.05,4.03,Drive
19,793898233,0.0410,-0.8350,0.6929,-2.93,-14.10,5.62,Drive
19,793958231,0.0601,-0.8848,0.6650,-1.22,-11.66,2.93,Drive
19,794018232,0.0605,-0.8438,0.6689,-0.06,-17.33,6.35,Drive
19,794078231,0.0557,-0.8135,0.6479,-0.67,-15.87,6.23,Drive
19,794138230,0.0391,-0.7881,0.6636,-2.69,-15.08,4.88,Drive
19,794198231,0.0586,-0.7798,0.6582,-4.76,-11.23,0.31,Drive
19,794258232,0.0615,-0.8062,0.6680,-6.71,-9.40,-0.79,Drive
19,794318231,0.0698,-0.8408,0.6641,-6.04,-12.08,0.49,Drive
19,794378230,0.0596,-0.8428,0.6523,-3.30,-13.12,1.34,Drive
19,794438232,0.0635,-0.8345,0.6470,-0.49,-13.31,3.11,Drive
19,794498233,0.0625,-0.8247,0.6309,-0.06,-15.38,4.09,Drive
19,794558232,0.0601,-0.8203,0.6377,-1.95,-16.66,6.90,Drive
19,794618231,0.0625,-0.8086,0.6514,-2.50,-12.45,7.02,Drive
19,794678231,0.0693,-0.8223,0.6621,-1.53,-16.48,6.71,Drive
19,794738232,0.0791,-0.8184,0.6470,-2.75,-10.31,2.56,Drive
19,794798231,0.0854,-0.8125,0.6553,-4.21,-12.08,0.24,Drive
19,794858230,0.0767,-0.8306,0.6421,-4.46,-13.31,-2.38,Drive
19,794918231,0.0850,-0.8237,0.6421,-2.01,-12.57,-3.72,Drive
19,794978233,0.0762,-0.8296,0.6328,-0.55,-15.26,-2.44,Drive
19,795038231,0.0869,-0.8296,0.6323,-1.65,-9.52,-1.40,Drive
19,795098231,0.0825,-0.8301,0.6201,-2.44,-12.63,1.89,Drive
19,795158232,0.0781,-0.8369,0.6294,-4.21,-14.04,5.25,Drive
20,798098232,-0.3027,0.0332,1.0322,-6.47,-4.09,-3.30,Drive
20,798158231,-0.3071,0.0298,1.0156,-5.74,-14.34,0.18,Drive
20,798218232,-0.2925,0.0396,1.0913,-14.04,-1.71,-0.49,Drive
20,798278232,-0.1963,0.0332,1.1060,-27.16,21.91,-3.78,Drive
20,798338232,-0.1748,0.0581,1.1187,-8.00,-31.01,17.52,Drive
20,798398230,-0.1523,0.1289,1.2651,44.31,-60.97,32.17,Drive
20,798458233,-0.1299,0.2168,1.3091,96.19,-27.53,36.32,Drive
20,798518233,-0.2441,0.2886,1.1562,134.16,-24.29,47.67,Drive
20,798578232,-0.2720,0.4287,0.9727,141.72,-13.61,56.82,Drive
20,798638233,-0.3687,0.5391,0.8804,134.09,-38.39,59.57,Drive
20,798698232,-0.3125,0.6323,0.8569,131.47,-51.45,44.92,Drive
20,798758232,-0.3452,0.4756,0.8340,118.96,-41.14,19.78,Drive
20,798818231,-0.2715,0.0190,0.7979,75.56,-24.72,-9.09,Drive
20,798882613,-0.3545,-0.3804,0.8618,-8.54,-23.62,-47.79,Drive
20,798938231,-0.2007,-0.2427,0.8062,-96.50,-13.00,-77.33,Drive
20,798998232,0.0015,-0.1445,0.8657,-175.17,-61.65,-72.75,Drive
20,799058232,-0.0020,-0.0430,0.9834,-224.79,-55.91,-46.88,Drive
20,799118233,-0.0186,-0.1260,1.0342,-241.46,-41.56,-28.44,Drive
20,799178232,-0.1675,0.0464,1.3730,-237.98,-73.43,-14.04,Drive
20,799238230,-0.2505,-0.1553,1.5859,-205.14,-42.66,-22.89,Drive
20,799298232,-0.1772,-0.1992,1.5776,-159.97,-68.97,-15.56,Drive
20,799358231,-0.1997,-0.1636,1.4854,-130.62,-67.20,-3.60,Drive
20,799418232,-0.0454,-0.3701,1.4512,-99.37,-66.10,19.41,Drive
20,799478232,0.1953,-0.3442,1.2246,-67.93,-14.22,23.86,Drive
20,799538231,0.2168,-0.4551,1.5811,-40.83,-165.41,60.67,Drive
20,799613004,0.0000,0.0000,0.0000,0.00,0.00,0.00,Drive
20,799670616,0.0000,0.0000,0.0000,46.88,0.00,0.00,Drive
20,799717793,0.0000,0.0000,0.0000,0.00,0.00,0.00,Drive
20,799777795,0.0000,0.0000,0.0000,0.00,0.00,0.00,Drive
20,799853004,0.0000,0.0000,0.0000,0.00,0.00,0.00,Drive
20,799913005,0.0000,0.0000,0.0000,46.88,0.00,0.00,Drive
20,799973005,0.0000,0.0000,0.0000,46.88,0.00,0.00,Drive
20,800033005,0.0000,0.0000,0.0000,46.88,0.00,0.00,Drive
20,800093005,0.0000,0.0000,0.0000,46.88,0.00,0.00,Drive
20,800153004,0.0000,0.0000,0.0000,0.00,0.00,0.00,Drive
20,800213004,0.0000,0.0000,0.0000,0.00,0.00,0.00,Drive
20,800273005,0.0000,0.0000,0.0000,46.88,0.00,0.00,Drive
20,800333005,0.0000,0.0000,0.0000,46.88,0.00,0.00,Drive
20,800393005,0.0000,0.0000,0.0000,46.88,0.00,0.00,Drive
20,800453004,0.0000,0.0000,0.0000,0.00,0.00,0.00,Drive
20,800513004,0.0000,0.0000,0.0000,0.00,0.00,0.00,Drive
20,800573004,0.0000,0.0000,0.0000,0.00,0.00,0.00,Drive
20,800633004,0.0000,0.0000,0.0000,0.00,0.00,0.00,Drive
20,800693004,0.0000,0.0000,0.0000,0.00,0.00,0.00,Drive
20,800753004,0.0000,0.0000,0.0000,0.00,0.00,0.00,Drive
20,800813004,0.0000,0.0000,0.0000,0.00,0.00,0.00,Drive
20,800873004,0.0000,0.0000,0.0000,0.00,0.00,0.00,Drive
20,800933005,0.0000,0.0000,0.0000,46.88,0.00,0.00,Drive
20,800993005,0.0000,0.0000,0.0000,46.88,0.00,0.00,Drive
20,801053005,0.0000,0.0000,0.0000,46.88,0.00,0.00,Drive
